{
    "formatVersion": 1,
    "libraries": [
        {
            "name": "net.fabricmc:sponge-mixin:0.15.3+mixin.0.8.7",
            "url": "https://maven.fabricmc.net/"
        },
        {
            "name": "io.github.llamalad7:mixinextras-fabric:0.4.1",
            "url": "https://maven.fabricmc.net/"
        },
        {
            "name": "org.ow2.asm:asm:9.7.1",
            "url": "https://maven.fabricmc.net/"
        },
        {
            "name": "org.ow2.asm:asm-analysis:9.7.1",
            "url": "https://maven.fabricmc.net/"
        },
        {
            "name": "org.ow2.asm:asm-commons:9.7.1",
            "url": "https://maven.fabricmc.net/"
        },
        {
            "name": "org.ow2.asm:asm-tree:9.7.1",
            "url": "https://maven.fabricmc.net/"
        },
        {
            "name": "org.ow2.asm:asm-util:9.7.1",
            "url": "https://maven.fabricmc.net/"
        },
        {
            "name": "net.fabricmc:fabric-loader:0.16.7",
            "url": "https://maven.fabricmc.net/"
        }
    ],
    "mainClass": "net.fabricmc.loader.impl.launch.knot.KnotClient",
    "name": "Fabric Loader",
    "requires": [
        {
            "uid": "babric.intermediary"
        }
    ],
    "type": "release",
    "uid": "net.fabricmc.fabric-loader",
    "version": "0.16.7"
}
